<?xml version="1.0"?>
<PreferenceSettings xmlns:xsd="http://www.w3.org/2001/XMLSchema" xmlns:xsi="http://www.w3.org/2001/XMLSchema-instance">
  <IsFirstRun>false</IsFirstRun>
  <IsUsageReportingApproved>false</IsUsageReportingApproved>
  <IsAnalyticsReportingApproved>true</IsAnalyticsReportingApproved>
  <LibraryWidth>268</LibraryWidth>
  <ConsoleHeight>304</ConsoleHeight>
  <ShowPreviewBubbles>true</ShowPreviewBubbles>
  <ShowConnector>true</ShowConnector>
  <ConnectorType>BEZIER</ConnectorType>
  <BackgroundPreviews>
    <BackgroundPreviewActiveState>
      <Name>IsBackgroundPreviewActive</Name>
      <IsActive>true</IsActive>
    </BackgroundPreviewActiveState>
  </BackgroundPreviews>
  <IsBackgroundGridVisible>true</IsBackgroundGridVisible>
  <ShowEdges>false</ShowEdges>
  <ShowDetailedLayout>true</ShowDetailedLayout>
  <WindowX>-1384</WindowX>
  <WindowY>332</WindowY>
  <WindowW>1117</WindowW>
  <WindowH>792</WindowH>
  <UseHardwareAcceleration>true</UseHardwareAcceleration>
  <NumberFormat>f3</NumberFormat>
  <MaxNumRecentFiles>10</MaxNumRecentFiles>
  <RecentFiles>
    <string>C:\Users\cerve\Desktop\dynaRobotDKMaya.dyn</string>
    <string>C:\Users\cerve\Documents\new.dyn</string>
  </RecentFiles>
  <BackupFiles>
    <string>C:\Users\cerve\AppData\Roaming\Dynamo\Dynamo Core\backup\backup.DYN</string>
  </BackupFiles>
  <CustomPackageFolders>
    <string>C:\Users\cerve\AppData\Roaming\Dynamo\Dynamo Core\2.1</string>
    <string>G:\My Drive\Code\DynaRoboDk\DynaRoboDk\DynaRoboDk\bin\Debug\DynaRoboDk.dll</string>
  </CustomPackageFolders>
  <PackageDirectoriesToUninstall />
  <PythonTemplateFilePath />
  <BackupInterval>60000</BackupInterval>
  <BackupFilesCount>1</BackupFilesCount>
  <PackageDownloadTouAccepted>true</PackageDownloadTouAccepted>
  <OpenFileInManualExecutionMode>false</OpenFileInManualExecutionMode>
  <NamespacesToExcludeFromLibrary>
    <string>ProtoGeometry.dll:Autodesk.DesignScript.Geometry.TSpline</string>
  </NamespacesToExcludeFromLibrary>
</PreferenceSettings>