{
  "license": "MIT",
  "file_hash": null,
  "name": "DynaMaya: Dynamo for Maya",
  "version": "2.21.1",
  "description": "A library for intergrating Dynamo with Maya",
  "group": "",
  "keywords": [
    "Maya, dynamaya, amazing"
  ],
  "dependencies": [],
  "contents": "",
  "engine_version": "0.7.4.3245",
  "engine": "dynamo",
  "engine_metadata": "",
  "site_url": "www.cerver.io",
  "repository_url": "www.cerver.io",
  "contains_binaries": true,
  "node_libraries": [
    "DynaMayaUINodes, Version=0.1.0.0, Culture=neutral, PublicKeyToken=null",
    "DynaMayaNodes, Version=0.1.0.0, Culture=neutral, PublicKeyToken=null"
  ]
}